Zone,sites,total_MW,total_MWh,weighted_g_per_kWh
Hydro-Québec (QC),7,192.0,1547366.4,1.2
Landsnet (IS),1,8.0,64473.600000000006,7.5
BC Hydro (British Columbia),3,160.0,1289472.0,15.0
ANDE (Paraguay),1,10.0,80592.0,25.0
Statnett/SE (Nordic),4,37.8,304637.76,28.0
NYISO (NYUP)*,1,50.0,402960.0,124.539145423206
WECC (BPA),1,18.0,145065.6,273.105325229066
ERCOT (ERCT),3,543.0,3836529.6,349.765076507
Argentina grid (CAMMESA),1,54.0,435196.8000000001,485.0
AESO (Alberta),2,109.0,539966.4,540.0
